10101,Carmen, San José, Cantón San José, Provincia San José, 10101, Costa Rica;9.936810817206629;-84.07193477765558
10102,Merced, Cantón San José, Provincia San José, 10102, Costa Rica;9.94025401559217;-84.08761987217547
10103,Hospital, Cantón San José, Provincia San José, 10103, Costa Rica;9.927849158129801;-84.08812228861701
10104,Catedral, Cantón San José, Provincia San José, 10104, Costa Rica;9.9291084652193;-84.07592743570143
10105,Zapote, Cantón San José, Provincia San José, 10105, Costa Rica;9.927049317485757;-84.06359469554266
10106,San Francisco de Dos Ríos, Cantón San José, Provincia San José, 10106, Costa Rica;9.908234242379459;-84.05929966793254
10107,Uruca, Cantón San José, Provincia San José, 10107, Costa Rica;9.953794281859347;-84.10643545246086
10108,Mata Redonda, Cantón San José, Provincia San José, 10108, Costa Rica;9.933952938203554;-84.10508003611196
10109,Pavas, Cantón San José, Provincia San José, 10109, Costa Rica;9.948280647411705;-84.13825584869214
10110,Hatillo, Cantón San José, Provincia San José, 10110, Costa Rica;9.91532935347343;-84.09894923777051
10111,San Sebastián, Cantón San José, Provincia San José, 10111, Costa Rica;9.91132943794941;-84.0799788786521
10201,Escazú, Cantón Escazú, Provincia San José, 10201, Costa Rica;9.919127695977188;-84.14470077685745
10202,San Antonio, Cantón Escazú, Provincia San José, 10202, Costa Rica;9.900273333047217;-84.1371936140086
10203,San Rafael, Cantón Escazú, Provincia San José, 10203, Costa Rica;9.932807860159889;-84.13827700470273
10301,Desamparados, Cantón Desamparados, Provincia San José, 10301, Costa Rica;9.897378970807061;-84.06824661466601
10302,San Miguel, Cantón Desamparados, Provincia San José, 10302, Costa Rica;9.820750087913519;-84.06383546551469
10303,San Juan de Dios, Cantón Desamparados, Provincia San José, 10303, Costa Rica;9.878208425311694;-84.08588114331137
10304,San Rafael Arriba, Cantón Desamparados, Provincia San José, 10304, Costa Rica;9.87586836514301;-84.0750890759584
10305,San Antonio, Cantón Desamparados, Provincia San José, 10305, Costa Rica;9.899190506087852;-84.04661026733201
10306,Frailes, Cantón Desamparados, Provincia San José, 10306, Costa Rica;9.753115761259938;-84.06018679281411
10307,Patarrá, Cantón Desamparados, Provincia San José, 10307, Costa Rica;9.873477371781611;-84.03009080955799
10308,San Cristóbal, Cantón Desamparados, Provincia San José, 10308, Costa Rica;9.762294547462723;-84.00257468122543
10309,Rosario, Cantón Desamparados, Provincia San José, 10309, Costa Rica;9.813516731407933;-84.07722165962942
10310,Damas, Cantón Desamparados, Provincia San José, 10310, Costa Rica;9.889017556893354;-84.04329891104584
10311,San Rafael Abajo, Cantón Desamparados, Provincia San José, 10311, Costa Rica;9.894741206015349;-84.08241888693135
10312,Gravilias, Cantón Desamparados, Provincia San José, 10312, Costa Rica;9.889794613108236;-84.05836025744264
10313,Los Guido, Cantón Desamparados, Provincia San José, 10313, Costa Rica;9.869618333449498;-84.04676271003513
10401,Santiago, Cantón Puriscal, Provincia San José, 10401, Costa Rica;9.834449900552961;-84.3099973534736
10402,Mercedes Sur, Cantón Puriscal, Provincia San José, 10402, Costa Rica;9.79861474293443;-84.3812455363005
10403,Barbacoas, Cantón Puriscal, Provincia San José, 10403, Costa Rica;9.855927938029735;-84.35591458594384
10404,Grifo Alto, Cantón Puriscal, Provincia San José, 10404, Costa Rica;9.877974169988576;-84.39192270308496
10405,San Rafael, Cantón Puriscal, Provincia San José, 10405, Costa Rica;9.832193705356891;-84.28439663567359
10406,Candelarita, Cantón Puriscal, Provincia San José, 10406, Costa Rica;9.792516574456055;-84.3369348164679
10407,Desamparaditos, Cantón Puriscal, Provincia San José, 10407, Costa Rica;9.878727003252106;-84.34057353000708
10408,San Antonio, Cantón Puriscal, Provincia San José, 10408, Costa Rica;9.860645988977675;-84.29967310221812
10409,Chires, Cantón Puriscal, Provincia San José, 10409, Costa Rica;9.657109603147397;-84.42220824868062
10501,San Marcos, Cantón Tarrazú, Provincia San José, 10501, Costa Rica;9.666070905811353;-84.0155760088427
10502,San Lorenzo, Cantón Tarrazú, Provincia San José, 10502, Costa Rica;9.600168970883068;-84.03198555176573
10503,San Carlos, Cantón Tarrazú, Provincia San José, 10503, Costa Rica;9.619996469045024;-84.10349516230386
10601,Aserrí, Cantón Aserrí, Provincia San José, 10601, Costa Rica;9.858208832704097;-84.1006355058735
10602,Tarbaca, Cantón Aserrí, Provincia San José, 10602, Costa Rica;9.820628454720518;-84.11464398533013
10603,Vuelta de Jorco, Cantón Aserrí, Provincia San José, 10603, Costa Rica;9.785395257786966;-84.1341611520202
10604,Mercedes Sur, Cantón Puriscal, Provincia San José, 10604, Costa Rica;9.841889632355729;-84.41641475910399
10605,Legua, Cantón Aserrí, Provincia San José, 10605, Costa Rica;9.70626750957745;-84.1356980755574
10606,Monterrey, Cantón Aserrí, Provincia San José, 10606, Costa Rica;9.75268237970992;-84.1120883566816
10607,Salitrillos, Cantón Aserrí, Provincia San José, 10607, Costa Rica;9.849138095290632;-84.08753666513584
10701,Colón, Cantón Mora, Provincia San José, 10701, Costa Rica;9.914136851407216;-84.24687100013446
10702,Guayabo, Cantón Mora, Provincia San José, 10702, Costa Rica;9.861657528241624;-84.26453924181288
10703,Tabarcia, Cantón Mora, Provincia San José, 10703, Costa Rica;9.846863077619796;-84.22725843954598
10704,Piedras Negras, Cantón Mora, Provincia San José, 10704, Costa Rica;9.904848493895404;-84.31748498056342
10705,Picagres, Cantón Mora, Provincia San José, 10705, Costa Rica;9.907686916835084;-84.35827578019774
10706,San Antonio, Cantón Puriscal, Provincia San José, 10706, Costa Rica;9.864279546406424;-84.29324268302473
10707,Quitirrisí, Cantón Mora, Provincia San José, 10707, Costa Rica;9.874446980034934;-84.23755137788211
10801,Guadalupe, Cantón Goicoechea, Provincia San José, 10801, Costa Rica;9.948257457528795;-84.05179739532176
10802,San Francisco, Cantón Goicoechea, Provincia San José, 10802, Costa Rica;9.941859049882591;-84.072346664631
10803,Calle Blancos, Cantón Goicoechea, Provincia San José, 10803, Costa Rica;9.948064661278474;-84.06523623120361
10804,Mata de Plátano, Cantón Goicoechea, Provincia San José, 10804, Costa Rica;9.953159087004849;-84.01909841473852
10805,Ipís, Cantón Goicoechea, Provincia San José, 10805, Costa Rica;9.965520987071836;-84.02018921071284
10806,Rancho Redondo, Cantón Goicoechea, Provincia San José, 10806, Costa Rica;9.962155705649666;-83.94416495034494
10807,Purral, Cantón Goicoechea, Provincia San José, 10807, Costa Rica;9.957338503835341;-84.02458802713076
10901,Santa Ana, Cantón Santa Ana, Provincia San José, 10901, Costa Rica;9.932169544081363;-84.18339683691241
10902,Salitral, Cantón Santa Ana, Provincia San José, 10902, Costa Rica;9.902039623360242;-84.17453585166307
10903,Pozos, Cantón Santa Ana, Provincia San José, 10903, Costa Rica;9.948988105298758;-84.19012042978099
10904,Santa Ana, Cantón Santa Ana, Provincia San José, 10904, Costa Rica;9.929890585744959;-84.18075018740919
10905,Piedades, Cantón Santa Ana, Provincia San José, 10905, Costa Rica;9.92710386387493;-84.2140411893026
10906,Brasil, Cantón Santa Ana, Provincia San José, 10906, Costa Rica;9.937541677058663;-84.22640106774654
11001,Alajuelita, Cantón Alajuelita, Provincia San José, 11001, Costa Rica;9.902769294426928;-84.10060633978932
11002,San Josecito, Cantón Alajuelita, Provincia San José, 11002, Costa Rica;9.891740425425713;-84.10468803527777
11003,San Antonio, Cantón Alajuelita, Provincia San José, 11003, Costa Rica;9.879752976736217;-84.12008423748654
11004,Concepción, Cantón Alajuelita, Provincia San José, 11004, Costa Rica;9.894107251918008;-84.09306156957348
11005,San Felipe, Cantón Alajuelita, Provincia San José, 11005, Costa Rica;9.906358229181663;-84.11055201459106
11101,San Isidro, Cantón Vázquez de Coronado, Provincia San José, 11101, Costa Rica;9.973216038162093;-84.00355767778461
11102,San Rafael, Cantón Vázquez de Coronado, Provincia San José, 11102, Costa Rica;9.979861255781108;-83.97203776050347
11103,San Jerónimo, Cantón Moravia, Provincia San José, 11103, Costa Rica;10.019351687341713;-84.00240062975342
11104,Patalillo, Cantón Vázquez de Coronado, Provincia San José, 11104, Costa Rica;9.973909523637392;-84.024621254713
11105,Cascajal, Cantón Vázquez de Coronado, Provincia San José, 11105, Costa Rica;10.031681395574862;-83.92880083136535
11201,San Ignacio, Cantón Acosta, Provincia San José, 11201, Costa Rica;9.797565095968167;-84.1625944407783
11202,Guaitil, Cantón Acosta, Provincia San José, 11202, Costa Rica;9.79086466130731;-84.23425869654278
11203,Palmichal, Cantón Acosta, Provincia San José, 11203, Costa Rica;9.836268033585696;-84.19026488565459
11204,Cangrejal, Cantón Acosta, Provincia San José, 11204, Costa Rica;9.753824819886082;-84.20444994218211
11205,Sabanillas, Cantón Acosta, Provincia San José, 11205, Costa Rica;9.722674379984678;-84.26128274212293
11301,San Juan, Cantón Tibás, Provincia San José, 11301, Costa Rica;9.960510137179806;-84.07875158999703
11302,Cinco Esquinas, Cantón Tibás, Provincia San José, 11302, Costa Rica;9.947593635201263;-84.08345652109635
11303,Anselmo Llorente, Cantón Tibás, Provincia San José, 11303, Costa Rica;9.960537763862895;-84.06716135552776
11304,Colima, Cantón Tibás, Provincia San José, 11304, Costa Rica;9.958464267057103;-84.09374063445242
11305,Colima, Cantón Tibás, Provincia San José, 11305, Costa Rica;9.954761005990518;-84.0872665360194
11401,San Vicente, Cantón Moravia, Provincia San José, 11401, Costa Rica;9.963678477960755;-84.05026294521977
11402,San Jerónimo, Cantón Moravia, Provincia San José, 11402, Costa Rica;10.018665378585753;-84.0102605049049
11403,La Trinidad, Cantón Moravia, Provincia San José, 11403, Costa Rica;9.977962953959775;-84.033317301101
11501,Ciudad Universitaria Rodrigo Facio Brenes, San Pedro, Cantón Montes de Oca, Provincia San José, 11501, Costa Rica;9.934364215065623;-84.05413391356188
11502,Sabanilla, Cantón Montes de Oca, Provincia San José, 11502, Costa Rica;9.94518834662594;-84.03245232491264
11503,Mercedes, Cantón Montes de Oca, Provincia San José, 11503, Costa Rica;9.940412618889473;-84.04925243516448
11504,San Rafael, Cantón Montes de Oca, Provincia San José, 11504, Costa Rica;9.945078274942016;-84.00546116591491
11601,San Pablo, Cantón Turrubares, Provincia San José, 11601, Costa Rica;9.906878604694251;-84.44672342001671
11602,San Pedro, Cantón Turrubares, Provincia San José, 11602, Costa Rica;9.875772680634672;-84.44653933270301
11603,San Juan de Mata, Cantón Turrubares, Provincia San José, 11603, Costa Rica;9.849327617693088;-84.52435391049073
11604,San Luis, Cantón Turrubares, Provincia San José, 11604, Costa Rica;9.843205659210915;-84.463071884356
11605,Carara, Cantón Turrubares, Provincia San José, 11605, Costa Rica;9.705128302291492;-84.54604171208541
11701,Santa María, Cantón Dota, Provincia San José, 11701, Costa Rica;9.631023162659034;-83.9698664246202
11702,Jardín, Cantón Dota, Provincia San José, 11702, Costa Rica;9.703906540363839;-83.95975313946093
11703,Copey, Cantón Dota, Provincia San José, 11703, Costa Rica;9.610197341865916;-83.90405710159109
11801,Curridabat, Cantón Curridabat, Provincia San José, 11801, Costa Rica;9.91592346319988;-84.03711406484294
11802,Granadilla, Cantón Curridabat, Provincia San José, 11802, Costa Rica;9.932574553888015;-84.01751192110302
11803,Sánchez, Cantón Curridabat, Provincia San José, 11803, Costa Rica;9.913520166112129;-84.01801709611468
11804,Tirrases, Cantón Curridabat, Provincia San José, 11804, Costa Rica;9.904577413564677;-84.03632002049349
11901,San Isidro de El General, Cantón Pérez Zeledón, Provincia San José, 11901, Costa Rica;9.356925787805164;-83.7086459366698
11902,El General, Cantón Pérez Zeledón, Provincia San José, 11902, Costa Rica;9.37198009747579;-83.62768462646856
11903,Daniel Flores, Cantón Pérez Zeledón, Provincia San José, 11903, Costa Rica;9.333515310585906;-83.67295776705774
11904,Rivas, Cantón Pérez Zeledón, Provincia San José, 11904, Costa Rica;9.457459876783075;-83.61838861367325
11905,San Pedro, Cantón Pérez Zeledón, Provincia San José, 11905, Costa Rica;9.303220858979516;-83.53108489247816
11906,Platanares, Cantón Pérez Zeledón, Provincia San José, 11906, Costa Rica;9.20118420355478;-83.64249649469134
11907,Pejibaye, Cantón Pérez Zeledón, Provincia San José, 11907, Costa Rica;9.149650019895063;-83.56535256693871
11908,Cajón, Cantón Pérez Zeledón, Provincia San José, 11908, Costa Rica;9.311520971011513;-83.58376914021619
11909,Barú, Cantón Pérez Zeledón, Provincia San José, 11909, Costa Rica;9.319116785330166;-83.81819422201255
11910,Río Nuevo, Cantón Pérez Zeledón, Provincia San José, 11910, Costa Rica;9.427006989701901;-83.82034358546271
11911,Páramo, Cantón Pérez Zeledón, Provincia San José, 11911, Costa Rica;9.457002727678923;-83.7448809452464
11912,La Amistad, Cantón Pérez Zeledón, Provincia San José, 11912, Costa Rica;9.194151996324225;-83.53660601680838
12001,San Pablo, Cantón León Cortés Castro, Provincia San José, 12001, Costa Rica;9.684787245478386;-84.04352546035386
12002,San Andrés, Cantón León Cortés Castro, Provincia San José, 12002, Costa Rica;9.730581352155305;-84.08104960206825
12003,Llano Bonito, Cantón León Cortés Castro, Provincia San José, 12003, Costa Rica;9.667340161941448;-84.11061192157656
12004,San Pablo, Cantón León Cortés Castro, Provincia San José, 12004, Costa Rica;9.69524633649114;-84.06084804406906
12005,Santa Cruz, Cantón León Cortés Castro, Provincia San José, 12005, Costa Rica;9.725988983113961;-84.01235403318785
12006,San Antonio, Cantón León Cortés Castro, Provincia San José, 12006, Costa Rica;9.720261458081842;-84.05617676708921
20101,Alajuela, Cantón Alajuela, Provincia Alajuela, 20101, Costa Rica;10.017792227162273;-84.20941802421255
20102,San José, Cantón Alajuela, Provincia Alajuela, 20102, Costa Rica;10.009632457077501;-84.24530210852004
20103,Carrizal, Cantón Alajuela, Provincia Alajuela, 20103, Costa Rica;10.085709151621495;-84.17406855296203
20104,San Antonio, Cantón Alajuela, Provincia Alajuela, 20104, Costa Rica;9.989242774830704;-84.23995823520909
20105,Guácima, Cantón Alajuela, Provincia Alajuela, 20105, Costa Rica;9.962005942591544;-84.25443222984688
20106,San Isidro, Cantón Alajuela, Provincia Alajuela, 20106, Costa Rica;10.089920601632668;-84.19359411159863
20107,Sabanilla, Cantón Alajuela, Provincia Alajuela, 20107, Costa Rica;10.109293509433417;-84.20252330295963
20108,San Rafael, Cantón Alajuela, Provincia Alajuela, 20108, Costa Rica;9.971944755858743;-84.21267696070784
20109,Río Segundo, Cantón Alajuela, Provincia Alajuela, 20109, Costa Rica;10.00345176590445;-84.18580959954096
20110,Desamparados, Cantón Alajuela, Provincia Alajuela, 20110, Costa Rica;10.027058279487987;-84.1849594650345
20111,Turrúcares, Cantón Alajuela, Provincia Alajuela, 20111, Costa Rica;9.957416918673625;-84.32128457349911
20112,Tambor, Cantón Alajuela, Provincia Alajuela, 20112, Costa Rica;10.032394897843712;-84.25157548216916
20113,Garita, Cantón Alajuela, Provincia Alajuela, 20113, Costa Rica;10.00738181662093;-84.28505798354048
20114,Sarapiquí, Cantón Alajuela, Provincia Alajuela, 20114, Costa Rica;10.289852629321288;-84.18551755301876
20201,San Ramón, Cantón San Ramón, Provincia Alajuela, 20201, Costa Rica;10.089348227091477;-84.470607186765
20202,Santiago, Cantón San Ramón, Provincia Alajuela, 20202, Costa Rica;10.04456087128579;-84.51020550299563
20203,San Juan, Cantón San Ramón, Provincia Alajuela, 20203, Costa Rica;10.107042376637324;-84.4637748802962
20204,Piedades Norte, Cantón San Ramón, Provincia Alajuela, 20204, Costa Rica;10.14059045820344;-84.52262693811949
20205,Piedades Sur, Cantón San Ramón, Provincia Alajuela, 20205, Costa Rica;10.105272413338593;-84.55405084221991
20206,San Rafael, Cantón San Ramón, Provincia Alajuela, 20206, Costa Rica;10.044574693972724;-84.47516936376972
20207,Ángeles, Cantón San Ramón, Provincia Alajuela, 20207, Costa Rica;10.211295850910123;-84.51218930054536
20208,Ángeles, Cantón San Ramón, Provincia Alajuela, 20208, Costa Rica;10.151303826383616;-84.48873892934782
20209,Alfaro, Cantón San Ramón, Provincia Alajuela, 20209, Costa Rica;10.088119851934545;-84.49560531874434
20210,Volio, Cantón San Ramón, Provincia Alajuela, 20210, Costa Rica;10.139511173193462;-84.45403933832833
20211,Concepción, Cantón San Ramón, Provincia Alajuela, 20211, Costa Rica;10.125211078448668;-84.43846004535982
20212,Zapotal, Cantón San Ramón, Provincia Alajuela, 20212, Costa Rica;10.14101126699499;-84.62579822639316
20213,Peñas Blancas, Cantón San Ramón, Provincia Alajuela, 20213, Costa Rica;10.397626094082623;-84.6054747972925
20214,San Lorenzo, Cantón San Ramón, Provincia Alajuela, 20214, Costa Rica;10.27070576947167;-84.6161246397164
20301,Grecia, Cantón Grecia, Provincia Alajuela, 20301, Costa Rica;10.070774576378275;-84.31246345554555
20302,San Isidro, Cantón Grecia, Provincia Alajuela, 20302, Costa Rica;10.119156162749807;-84.27030548262957
20303,San José, Cantón Grecia, Provincia Alajuela, 20303, Costa Rica;10.090995746601878;-84.27496738151932
20304,San Roque, Cantón Grecia, Provincia Alajuela, 20304, Costa Rica;10.110512152829056;-84.29355085060897
20305,Tacares, Cantón Grecia, Provincia Alajuela, 20305, Costa Rica;10.033287157717515;-84.30039081685449
20307,Puente de Piedra, Cantón Grecia, Provincia Alajuela, 20307, Costa Rica;10.035559665928366;-84.3355900765174
20308,Bolívar, Cantón Grecia, Provincia Alajuela, 20308, Costa Rica;10.116386424480119;-84.30639987990199
20401,San Mateo, Cantón San Mateo, Provincia Alajuela, 20401, Costa Rica;9.951855007990815;-84.52692846012971
20402,Desmonte, Cantón San Mateo, Provincia Alajuela, 20402, Costa Rica;9.962631694299361;-84.47263629462864
20403,Jesús María, Cantón San Mateo, Provincia Alajuela, 20403, Costa Rica;9.959827642101295;-84.58675525611835
20404,Labrador, Cantón San Mateo, Provincia Alajuela, 20404, Costa Rica;9.938788428336569;-84.62259532026326
20501,Atenas, Cantón Atenas, Provincia Alajuela, 20501, Costa Rica;9.978331727641157;-84.37720184452236
20502,Jesús, Cantón Atenas, Provincia Alajuela, 20502, Costa Rica;9.971592777359668;-84.41713275965104
20503,Mercedes, Cantón Atenas, Provincia Alajuela, 20503, Costa Rica;9.987199447994719;-84.39990200583779
20504,San Isidro, Cantón Atenas, Provincia Alajuela, 20504, Costa Rica;9.993473138761804;-84.42623931326531
20505,Concepción, Cantón Atenas, Provincia Alajuela, 20505, Costa Rica;9.957931844796311;-84.36618051088277
20506,San José, Cantón Atenas, Provincia Alajuela, 20506, Costa Rica;10.007149752521146;-84.39959676748649
20507,Santa Eulalia, Cantón Atenas, Provincia Alajuela, 20507, Costa Rica;10.01327283460651;-84.37475781077669
20508,Escobal, Cantón Atenas, Provincia Alajuela, 20508, Costa Rica;9.938842958179308;-84.42970948009611
20601,Naranjo, Cantón Naranjo, Provincia Alajuela, 20601, Costa Rica;10.099442070904734;-84.38453767026547
20602,San Miguel, Cantón Naranjo, Provincia Alajuela, 20602, Costa Rica;10.071624200721537;-84.3948085000071
20603,San José, Cantón Naranjo, Provincia Alajuela, 20603, Costa Rica;10.151619463740326;-84.40406293784363
20604,Cirrí Sur, Cantón Naranjo, Provincia Alajuela, 20604, Costa Rica;10.152263652660912;-84.36568315710699
20605,San Jerónimo, Cantón Naranjo, Provincia Alajuela, 20605, Costa Rica;10.124140156573448;-84.35490872985969
20606,Naranjo, Cantón Naranjo, Provincia Alajuela, 20606, Costa Rica;10.115655013095001;-84.4044404767044
20607,El Rosario, Cantón Naranjo, Provincia Alajuela, 20607, Costa Rica;10.048637472048998;-84.37831221228346
20608,Palmitos, Cantón Naranjo, Provincia Alajuela, 20608, Costa Rica;10.096734104306304;-84.42535525380262
20701,Palmares, Cantón Palmares, Provincia Alajuela, 20701, Costa Rica;10.055588515000728;-84.433012943437
20702,Zaragoza, Cantón Palmares, Provincia Alajuela, 20702, Costa Rica;10.040585431391788;-84.43436688843444
20703,Buenos Aires, Cantón Palmares, Provincia Alajuela, 20703, Costa Rica;10.070547067452967;-84.43518992843568
20704,Santiago, Cantón Palmares, Provincia Alajuela, 20704, Costa Rica;10.024062816707184;-84.44431475339027
20705,Candelaria, Cantón Palmares, Provincia Alajuela, 20705, Costa Rica;10.028212330902083;-84.42088419604354
20706,Esquipulas, Cantón Palmares, Provincia Alajuela, 20706, Costa Rica;10.057784465455981;-84.42128770082685
20707,La Granja, Cantón Palmares, Provincia Alajuela, 20707, Costa Rica;10.052573352164172;-84.44917116044309
20801,San Pedro, Cantón Poás, Provincia Alajuela, 20801, Costa Rica;10.072617931535966;-84.25007661562346
20802,San Rafael, Cantón Poás, Provincia Alajuela, 20802, Costa Rica;10.112823438150187;-84.24371775518307
20803,San Rafael, Cantón Poás, Provincia Alajuela, 20803, Costa Rica;10.098292498992834;-84.25771098755868
20804,Carrillos, Cantón Poás, Provincia Alajuela, 20804, Costa Rica;10.033352589228258;-84.27039680541544
20805,Sabana Redonda, Cantón Poás, Provincia Alajuela, 20805, Costa Rica;10.142442269811571;-84.21437382230529
20901,Orotina, Cantón Orotina, Provincia Alajuela, 20901, Costa Rica;9.90813768111411;-84.52651443474215
20902,El Mastate, Cantón Orotina, Provincia Alajuela, 20902, Costa Rica;9.915830126257713;-84.55119774456048
20903,Hacienda Vieja, Cantón Orotina, Provincia Alajuela, 20903, Costa Rica;9.923587572952218;-84.49028311767408
20904,Coyolar, Cantón Orotina, Provincia Alajuela, 20904, Costa Rica;9.883613763744677;-84.56656568185976
20905,La Ceiba, Cantón Orotina, Provincia Alajuela, 20905, Costa Rica;9.899193364122343;-84.61427693110768
21001,Quesada, Cantón San Carlos, Provincia Alajuela, 21001, Costa Rica;10.332284544362775;-84.43039339782324
21002,Florencia, Cantón San Carlos, Provincia Alajuela, 21002, Costa Rica;10.378704409162623;-84.48202603907954
21003,Buenavista, Cantón San Carlos, Provincia Alajuela, 21003, Costa Rica;10.275091770286007;-84.46923362723544
21004,Aguas Zarcas, Cantón San Carlos, Provincia Alajuela, 21004, Costa Rica;10.466381797659897;-84.34891163037508
21005,Venecia, Cantón San Carlos, Provincia Alajuela, 21005, Costa Rica;10.345267659017335;-84.28158744678527
21006,Pital, Cantón San Carlos, Provincia Alajuela, 21006, Costa Rica;10.51835375242021;-84.2582651110801
21007,La Fortuna, Cantón San Carlos, Provincia Alajuela, 21007, Costa Rica;10.468256034681866;-84.64927618020003
21008,La Tigra, Cantón San Carlos, Provincia Alajuela, 21008, Costa Rica;10.34930007273541;-84.5893411661569
21009,La Palmera, Cantón San Carlos, Provincia Alajuela, 21009, Costa Rica;10.439648831542803;-84.39900037529705
21010,Venado, Cantón San Carlos, Provincia Alajuela, 21010, Costa Rica;10.560782414373424;-84.75791201861743
21011,Pocosol, Cantón San Carlos, Provincia Alajuela, 21011, Costa Rica;10.62141953886524;-84.41098124756579
21012,Monterrey, Cantón San Carlos, Provincia Alajuela, 21012, Costa Rica;10.565218757985889;-84.63276040726822
21013,Pocosol, Cantón San Carlos, Provincia Alajuela, 21013, Costa Rica;10.689047538829108;-84.50109246225986
21101,Zarcero, Cantón Zarcero, Provincia Alajuela, 21101, Costa Rica;10.187508505157211;-84.38515089479495
21102,Laguna, Cantón Zarcero, Provincia Alajuela, 21102, Costa Rica;10.212971226973403;-84.44449401549188
21103,Tapesco, Cantón Zarcero, Provincia Alajuela, 21103, Costa Rica;10.21872177406112;-84.40619139997234
21104,Guadalupe, Cantón Zarcero, Provincia Alajuela, 21104, Costa Rica;10.186888795180433;-84.43530129947636
21105,Palmira, Cantón Zarcero, Provincia Alajuela, 21105, Costa Rica;10.209354255500115;-84.34800995735932
21106,Zapote, Cantón Zarcero, Provincia Alajuela, 21106, Costa Rica;10.243312586810005;-84.45146134107021
21107,Brisas, Cantón Zarcero, Provincia Alajuela, 21107, Costa Rica;10.242010803279076;-84.38571351867218
21201,San Pedro, Cantón Sarchí, Provincia Alajuela, 21201, Costa Rica;10.11553924747814;-84.33684539685268
21202,Sarchí Sur, Cantón Sarchí, Provincia Alajuela, 21202, Costa Rica;10.080050404831741;-84.34144419186904
21203,Toro Amarillo, Cantón Sarchí, Provincia Alajuela, 21203, Costa Rica;10.218183935437828;-84.29186012921855
21204,San Pedro, Cantón Sarchí, Provincia Alajuela, 21204, Costa Rica;10.122661807905427;-84.32236581875569
21205,Rodríguez, Cantón Sarchí, Provincia Alajuela, 21205, Costa Rica;10.109822667160035;-84.35073428341329
21301,Upala, Cantón Upala, Provincia Alajuela, 21301, Costa Rica;10.875573820778778;-85.00190363344956
21302,Aguas Claras, Cantón Upala, Provincia Alajuela, 21302, Costa Rica;10.835229985608532;-85.20516287013214
21303,San José, Cantón Upala, Provincia Alajuela, 21303, Costa Rica;10.963528650366603;-85.17447729696283
21304,Bijagua, Cantón Upala, Provincia Alajuela, 21304, Costa Rica;10.728660211335464;-85.04934879989499
21305,Delicias, Cantón Upala, Provincia Alajuela, 21305, Costa Rica;10.942379722029658;-85.04273378895022
21306,Dos Ríos, Cantón Upala, Provincia Alajuela, 21306, Costa Rica;10.919870775301785;-85.37084565881898
21307,Yolillal, Cantón Upala, Provincia Alajuela, 21307, Costa Rica;10.91412033744154;-84.9523271575827
21308,Canalete, Cantón Upala, Provincia Alajuela, 21308, Costa Rica;10.834946735885268;-85.05413561260194
21401,Los Chiles, Cantón Los Chiles, Provincia Alajuela, 21401, Costa Rica;11.018943997792729;-84.69327527284302
21402,Caño Negro, Cantón Los Chiles, Provincia Alajuela, 21402, Costa Rica;10.908897701028287;-84.7979306742187
21403,El Amparo, Cantón Los Chiles, Provincia Alajuela, 21403, Costa Rica;10.86842221513588;-84.68489196213822
21404,San Jorge, Cantón Los Chiles, Provincia Alajuela, 21404, Costa Rica;10.718822107436782;-84.61030084388496
21501,San Rafael, Cantón Guatuso, Provincia Alajuela, 21501, Costa Rica;10.675531117142402;-84.80442728277356
21502,Buenavista, Cantón Guatuso, Provincia Alajuela, 21502, Costa Rica;10.77568629540183;-84.81565569577941
21503,Cote, Cantón Guatuso, Provincia Alajuela, 21503, Costa Rica;10.620655593229886;-84.90318045239452
21504,Katira, Cantón Guatuso, Provincia Alajuela, 21504, Costa Rica;10.746265800777843;-84.91958976114144
21601,Río Cuarto, Cantón Río Cuarto, Provincia Alajuela, 21601, Costa Rica;10.332080309736325;-84.21930216221787
21602,Santa Rita, Cantón Río Cuarto, Provincia Alajuela, 21602, Costa Rica;10.40984787241159;-84.20892593988172
21603,Santa Isabel, Cantón Río Cuarto, Provincia Alajuela, 21603, Costa Rica;10.491431075485341;-84.19564806631394
30101,Oriental, Cantón Cartago, Provincia Cartago, 30101, Costa Rica;9.858257289419644;-83.91484444825747
30102,Guadalupe, Cantón Cartago, Provincia Cartago, 30102, Costa Rica;9.863611009565506;-83.93341630269097
30103,Carmen, Cantón Cartago, Provincia Cartago, 30103, Costa Rica;9.87932593667789;-83.91446328656617
30104,San Nicolás, Cantón Cartago, Provincia Cartago, 30104, Costa Rica;9.8955198930495;-83.94004300894753
30105,Aguacaliente, Cantón Cartago, Provincia Cartago, 30105, Costa Rica;9.748543797335767;-83.87815984819804
30106,Guadalupe, Cantón Cartago, Provincia Cartago, 30106, Costa Rica;9.86288121535296;-83.960811864147
30107,Corralillo, Cantón Cartago, Provincia Cartago, 30107, Costa Rica;9.788855754366189;-84.05064947282382
30108,Tierra Blanca, Cantón Cartago, Provincia Cartago, 30108, Costa Rica;9.926238740525081;-83.89129902295767
30109,Orosi, Cantón Paraíso, Provincia Cartago, 30109, Costa Rica;9.759964678921333;-83.85762148715052
30110,Llano Grande, Cantón Cartago, Provincia Cartago, 30110, Costa Rica;9.939938688597094;-83.91725391075254
30111,Quebradilla, Cantón Cartago, Provincia Cartago, 30111, Costa Rica;9.85013478063194;-84.00045221306372
30201,Paraíso, Cantón Paraíso, Provincia Cartago, 30201, Costa Rica;9.840927786315259;-83.85812150536597
30202,Santiago, Cantón Paraíso, Provincia Cartago, 30202, Costa Rica;9.865028332718222;-83.81013308277393
30203,Orosi, Cantón Paraíso, Provincia Cartago, 30203, Costa Rica;9.68280764667813;-83.75096951961316
30204,Cachí, Cantón Paraíso, Provincia Cartago, 30204, Costa Rica;9.828696235029373;-83.79265823374094
30205,Llanos de Santa Lucía, Cantón Paraíso, Provincia Cartago, 30205, Costa Rica;9.848010326771895;-83.88023795058675
30301,Tres Ríos, Cantón La Unión, Provincia Cartago, 30301, Costa Rica;9.907788767322977;-83.98723040382212
30302,San Diego, Cantón La Unión, Provincia Cartago, 30302, Costa Rica;9.90082049032988;-84.00171383935267
30303,San Juan, Cantón La Unión, Provincia Cartago, 30303, Costa Rica;9.911663489579292;-84.00619859924069
30304,San Rafael, Cantón La Unión, Provincia Cartago, 30304, Costa Rica;9.905564391956693;-83.9688910050823
30305,Concepción, Cantón La Unión, Provincia Cartago, 30305, Costa Rica;9.924911923071768;-83.99986933269207
30306,Dulce Nombre, Cantón La Unión, Provincia Cartago, 30306, Costa Rica;9.931843851742512;-83.96810278872347
30307,San Ramón, Cantón La Unión, Provincia Cartago, 30307, Costa Rica;9.937953782141854;-83.9899901723865
30308,Río Azul, Cantón La Unión, Provincia Cartago, 30308, Costa Rica;9.888354678606456;-84.02036939746728
30401,Juan Viñas, Cantón Jiménez, Provincia Cartago, 30401, Costa Rica;9.898106992163115;-83.74619838312027
30402,Tucurrique, Cantón Jiménez, Provincia Cartago, 30402, Costa Rica;9.84341858537256;-83.73367390623625
30403,Pejibaye, Cantón Jiménez, Provincia Cartago, 30403, Costa Rica;9.794137195095926;-83.69461449404889
30501,Turrialba, Cantón Turrialba, Provincia Cartago, 30501, Costa Rica;9.895829229980563;-83.66933895457063
30502,La Suiza, Cantón Turrialba, Provincia Cartago, 30502, Costa Rica;9.787543464991781;-83.61641133528505
30503,Peralta, Cantón Turrialba, Provincia Cartago, 30503, Costa Rica;9.966829044129907;-83.62244318940238
30504,Santa Cruz, Cantón Turrialba, Provincia Cartago, 30504, Costa Rica;10.00804850607179;-83.75686826288492
30505,Santa Teresita, Cantón Turrialba, Provincia Cartago, 30505, Costa Rica;9.987848036597313;-83.66568530214478
30506,Pavones, Cantón Turrialba, Provincia Cartago, 30506, Costa Rica;9.914508733272449;-83.6198802090928
30507,Tuis, Cantón Turrialba, Provincia Cartago, 30507, Costa Rica;9.849623681796597;-83.56674093869343
30508,Tayutic, Cantón Turrialba, Provincia Cartago, 30508, Costa Rica;9.807504382346677;-83.54761079898009
30509,Santa Rosa, Cantón Turrialba, Provincia Cartago, 30509, Costa Rica;9.939523920738791;-83.71533025472297
30510,Tres Equis, Cantón Turrialba, Provincia Cartago, 30510, Costa Rica;9.955023086365028;-83.57341862788944
30511,La Isabel, Cantón Turrialba, Provincia Cartago, 30511, Costa Rica;9.928756767847942;-83.66219896045146
30512,Chirripó, Cantón Turrialba, Provincia Cartago, 30512, Costa Rica;9.771221367116995;-83.48341573457475
30601,Pacayas, Cantón Alvarado, Provincia Cartago, 30601, Costa Rica;9.939970490309719;-83.81899874921149
30602,Cervantes, Cantón Alvarado, Provincia Cartago, 30602, Costa Rica;9.892319160555404;-83.80412888327966
30603,Capellades, Cantón Alvarado, Provincia Cartago, 30603, Costa Rica;9.955163317729092;-83.79277516921044
30701,San Rafael, Cantón Oreamuno, Provincia Cartago, 30701, Costa Rica;9.870652303276286;-83.89962244033832
30702,Cot, Cantón Oreamuno, Provincia Cartago, 30702, Costa Rica;9.889526841973534;-83.86945026352419
30703,Potrero Cerrado, Cantón Oreamuno, Provincia Cartago, 30703, Costa Rica;9.931775480499962;-83.87272738762908
30704,Cipreses, Cantón Oreamuno, Provincia Cartago, 30704, Costa Rica;9.893068939379631;-83.84234303793424
30705,Santa Rosa, Cantón Oreamuno, Provincia Cartago, 30705, Costa Rica;10.046158656499994;-83.86642966329413
30801,El Tejar, Cantón El Guarco, Provincia Cartago, 30801, Costa Rica;9.842539840418247;-83.94703265260561
30802,San Isidro, Cantón El Guarco, Provincia Cartago, 30802, Costa Rica;9.728576941316708;-83.91328190724597
30803,Tobosi, Cantón El Guarco, Provincia Cartago, 30803, Costa Rica;9.829805850903345;-83.99020225734313
30804,Patio de Agua, Cantón El Guarco, Provincia Cartago, 30804, Costa Rica;9.789968627855444;-84.01056476227646
40101,Heredia, Cantón Heredia, Provincia Heredia, 40101, Costa Rica;9.998782799130284;-84.12028241985139
40102,Mercedes, Cantón Heredia, Provincia Heredia, 40102, Costa Rica;10.011635952704905;-84.12528644586727
40103,San Francisco, Cantón Heredia, Provincia Heredia, 40103, Costa Rica;9.990851486325786;-84.14615629209389
40104,Ulloa, Cantón Heredia, Provincia Heredia, 40104, Costa Rica;9.981108303642117;-84.13428092262588
40105,Varablanca, Cantón Heredia, Provincia Heredia, 40105, Costa Rica;10.165357245548135;-84.06874439427168
40201,Barva, Cantón Barva, Provincia Heredia, 40201, Costa Rica;10.019810611896698;-84.12457646701529
40202,San Pedro, Cantón Barva, Provincia Heredia, 40202, Costa Rica;10.043361868277774;-84.13129617083018
40203,San Pablo, Cantón Barva, Provincia Heredia, 40203, Costa Rica;10.039421235440543;-84.1140810373104
40204,San Roque, Cantón Barva, Provincia Heredia, 40204, Costa Rica;10.015064305174786;-84.13651893194344
40205,Santa Lucía, Cantón Barva, Provincia Heredia, 40205, Costa Rica;10.023608453733964;-84.11269252839651
40206,San José de la Montaña, Cantón Barva, Provincia Heredia, 40206, Costa Rica;10.095373352636498;-84.11053457779573
40301,Santo Domingo, Cantón Santo Domingo, Provincia Heredia, 40301, Costa Rica;9.980233742448055;-84.09092768801978
40302,San Francisco, Cantón Heredia, Provincia Heredia, 40302, Costa Rica;9.98722671932565;-84.11717926013326
40303,San Miguel, Cantón Santo Domingo, Provincia Heredia, 40303, Costa Rica;9.976732731015247;-84.06284030368276
40304,Paracito, Cantón Santo Domingo, Provincia Heredia, 40304, Costa Rica;9.999972808921218;-84.02714381205018
40305,Santo Tomás, Cantón Santo Domingo, Provincia Heredia, 40305, Costa Rica;9.979391316389572;-84.07638807849143
40306,Santa Rosa, Cantón Santo Domingo, Provincia Heredia, 40306, Costa Rica;9.970460448889265;-84.1002442293522
40307,Tures, Cantón Santo Domingo, Provincia Heredia, 40307, Costa Rica;9.993176862811143;-84.05675798403175
40308,Pará, Cantón Santo Domingo, Provincia Heredia, 40308, Costa Rica;10.004607195560522;-84.0343983774049
40401,Santa Bárbara, Cantón Santa Bárbara, Provincia Heredia, 40401, Costa Rica;10.036767694727523;-84.15880053439642
40402,San Pedro, Cantón Santa Bárbara, Provincia Heredia, 40402, Costa Rica;10.031712684323471;-84.16826154600388
40403,San Juan, Cantón Santa Bárbara, Provincia Heredia, 40403, Costa Rica;10.021044045016259;-84.15894278781606
40404,Jesús, Cantón Santa Bárbara, Provincia Heredia, 40404, Costa Rica;10.061481069319328;-84.14397118448882
40405,Santo Domingo, Cantón Santa Bárbara, Provincia Heredia, 40405, Costa Rica;10.11287343122307;-84.14846138155535
40406,Purabá, Cantón Santa Bárbara, Provincia Heredia, 40406, Costa Rica;10.064273223329934;-84.15431044180603
40501,San Rafael, Cantón San Rafael, Provincia Heredia, 40501, Costa Rica;10.015219863805005;-84.09974880842742
40502,San Josecito, Cantón San Rafael, Provincia Heredia, 40502, Costa Rica;10.011334948372113;-84.11100093716516
40503,Santiago, Cantón San Rafael, Provincia Heredia, 40503, Costa Rica;10.006471965205515;-84.10077569009577
40504,Ángeles, Cantón San Rafael, Provincia Heredia, 40504, Costa Rica;10.034537100444563;-84.09459542493862
40505,Concepción, Cantón San Rafael, Provincia Heredia, 40505, Costa Rica;10.04399460976179;-84.0663235103439
40601,San Isidro, Cantón San Isidro, Provincia Heredia, 40601, Costa Rica;10.014678204219276;-84.05473540794699
40602,San José, Cantón San Isidro, Provincia Heredia, 40602, Costa Rica;10.029136030634747;-84.02749708075258
40603,Concepción, Cantón San Isidro, Provincia Heredia, 40603, Costa Rica;10.041622960938744;-84.0392329301337
40604,San Francisco, Cantón San Isidro, Provincia Heredia, 40604, Costa Rica;10.00896653378501;-84.06583024731434
40701,San Antonio, Cantón Belén, Provincia Heredia, 40701, Costa Rica;9.97929821000107;-84.18376839062559
40702,La Ribera, Cantón Belén, Provincia Heredia, 40702, Costa Rica;9.9890798258219;-84.18389503174497
40703,La Asunción, Cantón Belén, Provincia Heredia, 40703, Costa Rica;9.97942761795943;-84.1660517629039
40801,San Joaquín, Cantón Flores, Provincia Heredia, 40801, Costa Rica;10.00466968470628;-84.15467954731598
40802,Barrantes, Cantón Flores, Provincia Heredia, 40802, Costa Rica;10.014037363371774;-84.15127547735734
40803,Llorente, Cantón Flores, Provincia Heredia, 40803, Costa Rica;9.998065074413239;-84.16103826985875
40901,San Pablo, Cantón San Pablo, Provincia Heredia, 40901, Costa Rica;9.999514652465882;-84.08974945272485
40902,Rincón de Sabanilla, Cantón San Pablo, Provincia Heredia, 40902, Costa Rica;9.983712125941567;-84.1048640712623
41001,Puerto Viejo, Cantón Sarapiquí, Provincia Heredia, 41001, Costa Rica;10.467527478091615;-84.00102632891556
41002,La Virgen, Cantón Sarapiquí, Provincia Heredia, 41002, Costa Rica;10.438429346273752;-84.09158760778331
41003,Las Horquetas, Cantón Sarapiquí, Provincia Heredia, 41003, Costa Rica;10.312853184084016;-83.95672966126006
41004,Llanuras del Gaspar, Cantón Sarapiquí, Provincia Heredia, 41004, Costa Rica;10.66465939370887;-83.84107011522615
41005,Cureña, Cantón Sarapiquí, Provincia Heredia, 41005, Costa Rica;10.642259850225223;-84.08183399645844
50101,Liberia, Cantón Liberia, Provincia Guanacaste, 50101, Costa Rica;10.680064913661072;-85.39750121090582
50102,Cañas Dulces, Cantón Liberia, Provincia Guanacaste, 50102, Costa Rica;10.774655735172884;-85.4265266060484
50103,Nacascolo, Cantón Liberia, Provincia Guanacaste, 50103, Costa Rica;10.845139600833082;-85.55985904310153
50104,Nacascolo, Cantón Liberia, Provincia Guanacaste, 50104, Costa Rica;10.709188152624893;-85.62114424200861
50105,Cañas Dulces, Cantón Liberia, Provincia Guanacaste, 50105, Costa Rica;10.788663836088991;-85.36253007415326
50201,Nicoya, Cantón Nicoya, Provincia Guanacaste, 50201, Costa Rica;10.131079793029084;-85.47872073066335
50202,Mansión, Cantón Nicoya, Provincia Guanacaste, 50202, Costa Rica;10.108352828757187;-85.31861809035843
50203,San Antonio, Cantón Nicoya, Provincia Guanacaste, 50203, Costa Rica;10.260952260791854;-85.39927051675954
50204,Quebrada Honda, Cantón Nicoya, Provincia Guanacaste, 50204, Costa Rica;10.195955307342615;-85.28535188662839
50205,Sámara, Cantón Nicoya, Provincia Guanacaste, 50205, Costa Rica;9.891060351563992;-85.53426380936878
50206,Nosara, Cantón Nicoya, Provincia Guanacaste, 50206, Costa Rica;9.976056801218146;-85.62530299860911
50207,Belén de Nosarita, Cantón Nicoya, Provincia Guanacaste, 50207, Costa Rica;9.993038011929341;-85.51536999884986
50301,Santa Cruz, Cantón Santa Cruz, Provincia Guanacaste, 50301, Costa Rica;10.257056531358998;-85.5887759059369
50302,Bolsón, Cantón Santa Cruz, Provincia Guanacaste, 50302, Costa Rica;10.34954944323107;-85.4535781109862
50303,Tempate, Cantón Santa Cruz, Provincia Guanacaste, 50303, Costa Rica;10.434384930397004;-85.70508051726564
50304,Tempate, Cantón Santa Cruz, Provincia Guanacaste, 50304, Costa Rica;10.438129600608523;-85.76214358630344
50305,Cartagena, Cantón Santa Cruz, Provincia Guanacaste, 50305, Costa Rica;10.365282251874977;-85.67980175321813
50306,Cuajiniquil, Cantón Santa Cruz, Provincia Guanacaste, 50306, Costa Rica;10.056934322443254;-85.73927031665139
50307,Diriá, Cantón Santa Cruz, Provincia Guanacaste, 50307, Costa Rica;10.282794188309769;-85.52285545441106
50308,Cabo Velas, Cantón Santa Cruz, Provincia Guanacaste, 50308, Costa Rica;10.3715500893346;-85.82002193109041
50309,Cantón Santa Cruz, Provincia Guanacaste, 50309, Costa Rica;10.299564658985696;-85.82887766127273
50401,Bagaces, Cantón Bagaces, Provincia Guanacaste, 50401, Costa Rica;10.495967620326661;-85.26874019702575
50402,La Fortuna, Cantón Bagaces, Provincia Guanacaste, 50402, Costa Rica;10.661119124099475;-85.16872528840078
50403,Mogote, Cantón Bagaces, Provincia Guanacaste, 50403, Costa Rica;10.696932534840936;-85.27218765550047
50404,Río Naranjo, Cantón Bagaces, Provincia Guanacaste, 50404, Costa Rica;10.67616704476419;-85.10587975474795
50501,Liberia, Cantón Liberia, Provincia Guanacaste, 50501, Costa Rica;10.44179120623834;-85.52759590497287
50502,Palmira, Cantón Carrillo, Provincia Guanacaste, 50502, Costa Rica;10.548945754791932;-85.59110263032652
50503,Sardinal, Cantón Carrillo, Provincia Guanacaste, 50503, Costa Rica;10.5309101429212;-85.68340549873454
50504,Belén, Cantón Carrillo, Provincia Guanacaste, 50504, Costa Rica;10.397125381691353;-85.5920560897141
50601,Cañas, Cantón Cañas, Provincia Guanacaste, 50601, Costa Rica;10.439887175646076;-85.09169443212605
50602,Palmira, Cantón Cañas, Provincia Guanacaste, 50602, Costa Rica;10.59422989848075;-85.08425537376675
50603,San Miguel, Cantón Cañas, Provincia Guanacaste, 50603, Costa Rica;10.343897155365376;-85.06525977100543
50604,Bebedero, Cantón Cañas, Provincia Guanacaste, 50604, Costa Rica;10.374300468536248;-85.15486648353519
50605,Porozal, Cantón Cañas, Provincia Guanacaste, 50605, Costa Rica;10.280127310869124;-85.1829655913361
50701,Sierra, Cantón Abangares, Provincia Guanacaste, 50701, Costa Rica;10.303252231049349;-84.89445293228778
50702,Sierra, Cantón Abangares, Provincia Guanacaste, 50702, Costa Rica;10.322107440816236;-84.89978806702321
50703,San Juan, Cantón Abangares, Provincia Guanacaste, 50703, Costa Rica;10.230046331785845;-84.92257482774238
50704,Colorado, Cantón Abangares, Provincia Guanacaste, 50704, Costa Rica;10.214324180482269;-85.1169934871074
50801,Tilarán, Cantón Tilarán, Provincia Guanacaste, 50801, Costa Rica;10.47683093824683;-84.93780362863998
50802,Quebrada Grande, Cantón Tilarán, Provincia Guanacaste, 50802, Costa Rica;10.41714238484382;-84.92884262909014
50803,Tronadora, Cantón Tilarán, Provincia Guanacaste, 50803, Costa Rica;10.423773484874394;-84.83541616391162
50804,Santa Rosa, Cantón Tilarán, Provincia Guanacaste, 50804, Costa Rica;10.505974292877216;-85.00054889947796
50805,Líbano, Cantón Tilarán, Provincia Guanacaste, 50805, Costa Rica;10.40350021950847;-84.98634072300915
50806,Tierras Morenas, Cantón Tilarán, Provincia Guanacaste, 50806, Costa Rica;10.585153262738359;-85.00012533095615
50807,Arenal, Cantón Tilarán, Provincia Guanacaste, 50807, Costa Rica;10.538063756983652;-84.8832241436784
50808,Cabeceras, Cantón Tilarán, Provincia Guanacaste, 50808, Costa Rica;10.369678767816419;-84.85788982326743
50901,Carmona, Cantón Nandayure, Provincia Guanacaste, 50901, Costa Rica;9.99294240551793;-85.25431476426297
50902,Santa Rita, Cantón Nandayure, Provincia Guanacaste, 50902, Costa Rica;10.032542586659304;-85.27295616929129
50903,Monte Romo, Cantón Hojancha, Provincia Guanacaste, 50903, Costa Rica;9.93911567930281;-85.35619357560853
50904,San Pablo, Cantón Nandayure, Provincia Guanacaste, 50904, Costa Rica;10.018355349317785;-85.20191174808755
50905,Porvenir, Cantón Nandayure, Provincia Guanacaste, 50905, Costa Rica;9.916786151651714;-85.279924504817
50906,Bejuco, Cantón Nandayure, Provincia Guanacaste, 50906, Costa Rica;9.838156470493717;-85.27548277487669
51001,La Cruz, Cantón La Cruz, Provincia Guanacaste, 51001, Costa Rica;11.069549306838258;-85.63221033513457
51002,Santa Cecilia, Cantón La Cruz, Provincia Guanacaste, 51002, Costa Rica;11.048868887145538;-85.37204026096171
51003,La Garita, Cantón La Cruz, Provincia Guanacaste, 51003, Costa Rica;11.073839692574394;-85.5077097649785
51004,Santa Elena, Cantón La Cruz, Provincia Guanacaste, 51004, Costa Rica;10.917789435864922;-85.68840731570415
51101,Hojancha, Cantón Hojancha, Provincia Guanacaste, 51101, Costa Rica;10.071345969671203;-85.42088786266842
51102,Monte Romo, Cantón Hojancha, Provincia Guanacaste, 51102, Costa Rica;9.964397579834937;-85.38966340449421
51103,Puerto Carrillo, Cantón Hojancha, Provincia Guanacaste, 51103, Costa Rica;9.927120618140854;-85.44817953697452
51104,Huacas, Cantón Hojancha, Provincia Guanacaste, 51104, Costa Rica;10.030044030332403;-85.36160543090413
51105,Matambú, Cantón Hojancha, Provincia Guanacaste, 51105, Costa Rica;10.085924462978797;-85.41700276212505
60101,Provincia Puntarenas, 60101, Costa Rica;9.983273207298744;-84.82828694422358
60102,Pitahaya, Cantón Puntarenas, Provincia Puntarenas, 60102, Costa Rica;10.032893621872645;-84.81971021145813
60103,Chomes, Cantón Puntarenas, Provincia Puntarenas, 60103, Costa Rica;10.069257847987162;-84.9091919288118
60104,Lepanto, Cantón Puntarenas, Provincia Puntarenas, 60104, Costa Rica;9.902065868067261;-85.12975148307596
60105,Paquera, Cantón Puntarenas, Provincia Puntarenas, 60105, Costa Rica;9.819529354909687;-84.96235762625112
60106,Manzanillo, Cantón Puntarenas, Provincia Puntarenas, 60106, Costa Rica;10.13674226148811;-85.01578244110158
60107,Guacimal, Cantón Puntarenas, Provincia Puntarenas, 60107, Costa Rica;10.21369265775142;-84.83918850506717
60108,Barranca, Cantón Puntarenas, Provincia Puntarenas, 60108, Costa Rica;9.98938907581998;-84.71495436434171
60109,Monte Verde, Cantón Puntarenas, Provincia Puntarenas, 60109, Costa Rica;10.317404321195342;-84.83131233860333
60110,Isla del Coco, Cantón Puntarenas, Provincia Puntarenas, 60110, Costa Rica;5.528852627341127;-87.06119883767963
60111,Cóbano, Cantón Puntarenas, Provincia Puntarenas, 60111, Costa Rica;9.643645701525859;-85.14924207088025
60112,Chacarita, Cantón Puntarenas, Provincia Puntarenas, 60112, Costa Rica;9.98234592149375;-84.77025373403205
60113,Chira, Cantón Puntarenas, Provincia Puntarenas, 60113, Costa Rica;10.10165077764934;-85.15512650240123
60114,Acapulco, Cantón Puntarenas, Provincia Puntarenas, 60114, Costa Rica;10.139458035458528;-84.81622746396684
60115,El Roble, Cantón Puntarenas, Provincia Puntarenas, 60115, Costa Rica;9.981494618989345;-84.7389171466036
60116,Arancibia, Cantón Puntarenas, Provincia Puntarenas, 60116, Costa Rica;10.216992692035383;-84.720441779947
60201,Espíritu Santo, Cantón Esparza, Provincia Puntarenas, 60201, Costa Rica;9.991127881816952;-84.67012882284385
60202,San Juan Grande, Cantón Esparza, Provincia Puntarenas, 60202, Costa Rica;9.972715939382244;-84.64717479828929
60203,Macacona, Cantón Esparza, Provincia Puntarenas, 60203, Costa Rica;10.008127454826717;-84.62889844644383
60204,San Rafael, Cantón Esparza, Provincia Puntarenas, 60204, Costa Rica;9.98062061896967;-84.60526678936208
60205,San Jerónimo, Cantón Esparza, Provincia Puntarenas, 60205, Costa Rica;10.050043861168842;-84.6447157643088
60206,Caldera, Cantón Esparza, Provincia Puntarenas, 60206, Costa Rica;9.925234558739133;-84.70377005599704
60301,Buenos Aires, Cantón Buenos Aires, Provincia Puntarenas, 60301, Costa Rica;9.18878458700849;-83.3049262700337
60302,Volcán, Cantón Buenos Aires, Provincia Puntarenas, 60302, Costa Rica;9.229886893092907;-83.44825822883408
60303,Potrero Grande, Cantón Buenos Aires, Provincia Puntarenas, 60303, Costa Rica;9.062589057519315;-83.1593947392569
60304,Boruca, Cantón Buenos Aires, Provincia Puntarenas, 60304, Costa Rica;9.006701671963777;-83.32574192851806
60305,Pilas, Cantón Buenos Aires, Provincia Puntarenas, 60305, Costa Rica;9.088020081680092;-83.43047580395984
60306,Colinas, Cantón Buenos Aires, Provincia Puntarenas, 60306, Costa Rica;9.042608546468603;-83.45589902998924
60307,Chánguena, Cantón Buenos Aires, Provincia Puntarenas, 60307, Costa Rica;8.914900127903634;-83.19113715256964
60308,Biolley, Cantón Buenos Aires, Provincia Puntarenas, 60308, Costa Rica;9.02975613941111;-83.03153555004127
60309,Brunka, Cantón Buenos Aires, Provincia Puntarenas, 60309, Costa Rica;9.201959500593416;-83.39376044299259
60401,Miramar, Cantón Montes de Oro, Provincia Puntarenas, 60401, Costa Rica;10.101554382703911;-84.73508090144517
60402,La Unión, Cantón Montes de Oro, Provincia Puntarenas, 60402, Costa Rica;10.18707590858795;-84.70036933908652
60403,San Isidro, Cantón Montes de Oro, Provincia Puntarenas, 60403, Costa Rica;10.055478288597156;-84.72589472471358
60501,Puerto Cortés, Cantón Osa, Provincia Puntarenas, 60501, Costa Rica;8.97959866564804;-83.53874241292557
60502,Palmar, Cantón Osa, Provincia Puntarenas, 60502, Costa Rica;8.947620886794045;-83.43487527143745
60503,Sierpe, Cantón Osa, Provincia Puntarenas, 60503, Costa Rica;8.82793844466644;-83.52843969003082
60504,Bahía Ballena, Cantón Osa, Provincia Puntarenas, 60504, Costa Rica;9.188245104653049;-83.76519593825444
60505,Piedras Blancas, Cantón Osa, Provincia Puntarenas, 60505, Costa Rica;8.79898001835275;-83.25186677346713
60506,Bahía Drake, Cantón Osa, Provincia Puntarenas, 60506, Costa Rica;8.64858933517801;-83.61768531775985
60601,Quepos, Cantón Quepos, Provincia Puntarenas, 60601, Costa Rica;9.421838710148975;-84.15302974706584
60602,Savegre, Cantón Quepos, Provincia Puntarenas, 60602, Costa Rica;9.33593733099694;-83.95625922892252
60603,Naranjito, Cantón Quepos, Provincia Puntarenas, 60603, Costa Rica;9.47564522433688;-84.09340865472075
60701,Golfito, Cantón Golfito, Provincia Puntarenas, 60701, Costa Rica;8.644295543207738;-83.17010517135168
60702,Puerto Jiménez, Cantón Golfito, Provincia Puntarenas, 60702, Costa Rica;8.509611883218923;-83.31469918934613
60703,Guaycará, Cantón Golfito, Provincia Puntarenas, 60703, Costa Rica;8.696231895659388;-83.07065831218347
60704,Pavón, Cantón Golfito, Provincia Puntarenas, 60704, Costa Rica;8.411299128822467;-83.04129076794024
60801,San Vito, Cantón Coto Brus, Provincia Puntarenas, 60801, Costa Rica;8.826943641576728;-82.97061150235358
60802,Sabalito, Cantón Coto Brus, Provincia Puntarenas, 60802, Costa Rica;8.879482266416202;-82.83219895394996
60803,Aguabuena, Cantón Coto Brus, Provincia Puntarenas, 60803, Costa Rica;8.737342185807066;-82.94525097785602
60804,Limoncito, Cantón Coto Brus, Provincia Puntarenas, 60804, Costa Rica;8.84637281543529;-83.04669755734447
60805,Pittier, Cantón Coto Brus, Provincia Puntarenas, 60805, Costa Rica;8.955094682898896;-82.95124136656622
60806,Pittier, Cantón Coto Brus, Provincia Puntarenas, 60806, Costa Rica;8.927628354534235;-82.91000292601981
60901,Parrita, Cantón Parrita, Provincia Puntarenas, 60901, Costa Rica;9.535499275754356;-84.35836067245022
61001,Corredor, Cantón Corredores, Provincia Puntarenas, 61001, Costa Rica;8.63853927412577;-82.95040730728789
61002,La Cuesta, Cantón Corredores, Provincia Puntarenas, 61002, Costa Rica;8.484884707251066;-82.85880290889064
61003,Canoas, Cantón Corredores, Provincia Puntarenas, 61003, Costa Rica;8.544512993073234;-82.86162367112905
61004,Laurel, Cantón Corredores, Provincia Puntarenas, 61004, Costa Rica;8.447456159163018;-82.93887805709122
61101,Jacó, Cantón Garabito, Provincia Puntarenas, 61101, Costa Rica;9.614362027577824;-84.62521953258737
61102,Tárcoles, Cantón Garabito, Provincia Puntarenas, 61102, Costa Rica;9.786825279734877;-84.61942283214337
70101,Limón, Cantón Limón, Provincia Limón, 70101, Costa Rica;9.990015358464268;-83.04311593660421
70102,Valle La Estrella, Cantón Limón, Provincia Limón, 70102, Costa Rica;9.728428601686918;-83.0651794260525
70103,Río Blanco, Cantón Limón, Provincia Limón, 70103, Costa Rica;9.98265275362116;-83.1435859135432
70104,Matama, Cantón Limón, Provincia Limón, 70104, Costa Rica;9.89736894863535;-83.08474154720923
70201,Guápiles, Cantón Pococí, Provincia Limón, 70201, Costa Rica;10.206523557430529;-83.78914151007406
70202,Jiménez, Cantón Pococí, Provincia Limón, 70202, Costa Rica;10.197407947244766;-83.74936152131824
70203,Rita, Cantón Pococí, Provincia Limón, 70203, Costa Rica;10.371180763061844;-83.7792553063887
70204,Roxana, Cantón Pococí, Provincia Limón, 70204, Costa Rica;10.319380931801323;-83.7051591574629
70205,Cariari, Cantón Pococí, Provincia Limón, 70205, Costa Rica;10.380336966895893;-83.72265704440579
70206,Colorado, Cantón Pococí, Provincia Limón, 70206, Costa Rica;10.577073643508728;-83.55951954857382
70207,La Colonia, Cantón Pococí, Provincia Limón, 70207, Costa Rica;10.252594415114647;-83.80503538549466
70301,Siquirres, Cantón Siquirres, Provincia Limón, 70301, Costa Rica;10.066732093660171;-83.52470127177776
70302,Pacuarito, Cantón Siquirres, Provincia Limón, 70302, Costa Rica;10.103540857064216;-83.42034044263318
70303,Florida, Cantón Siquirres, Provincia Limón, 70303, Costa Rica;10.044133684649964;-83.62604976822601
70304,Germania, Cantón Siquirres, Provincia Limón, 70304, Costa Rica;10.164940524878466;-83.56455352669391
70305,El Cairo, Cantón Siquirres, Provincia Limón, 70305, Costa Rica;10.200310630729216;-83.50760191660954
70306,Alegría, Cantón Siquirres, Provincia Limón, 70306, Costa Rica;10.116814639890693;-83.59128793983103
70307,Reventazón, Cantón Siquirres, Provincia Limón, 70307, Costa Rica;10.235629510037134;-83.3929610858359
70401,Bratsi, Cantón Talamanca, Provincia Limón, 70401, Costa Rica;9.627883678940742;-82.86407953677892
70402,Sixaola, Cantón Talamanca, Provincia Limón, 70402, Costa Rica;9.562538585758046;-82.66524329297872
70403,Provincia Limón, 70403, Costa Rica;9.75171914992986;-82.83869676671704
70404,Telire, Cantón Talamanca, Provincia Limón, 70404, Costa Rica;9.44191182542293;-83.1607639876358
70501,Carrandi, Cantón Matina, Provincia Limón, 70501, Costa Rica;10.016520875469613;-83.29017777669281
70502,Batán, Cantón Matina, Provincia Limón, 70502, Costa Rica;10.092847824106688;-83.3503849734096
70503,Carrandi, Cantón Matina, Provincia Limón, 70503, Costa Rica;10.030675710157558;-83.22900540000899
70601,Guácimo, Cantón Guácimo, Provincia Limón, 70601, Costa Rica;10.192386736112258;-83.69369859450904
70602,Mercedes, Cantón Guácimo, Provincia Limón, 70602, Costa Rica;10.160190916258578;-83.63195832838454
70603,Pocora, Cantón Guácimo, Provincia Limón, 70603, Costa Rica;10.152568732626674;-83.61386033533759
70604,Río Jiménez, Cantón Guácimo, Provincia Limón, 70604, Costa Rica;10.255568898587661;-83.58312199651061
70605,Duacarí, Cantón Guácimo, Provincia Limón, 70605, Costa Rica;10.305208952404383;-83.61278572950422
